match_id,u_i,v_i,u_j,v_j
0,417.9830322265625,152.17269897460938,416.984619140625,152.19253540039062
1,442.35101318359375,142.2311553955078,441.3952331542969,142.14083862304688
2,435.9287109375,152.10305786132812,434.8641052246094,152.08517456054688
3,1175.485595703125,40.76979064941406,1183.161376953125,40.02012252807617
4,438.0969543457031,142.44595336914062,436.9952697753906,142.38247680664062
5,433.8318786621094,142.50314331054688,432.7021179199219,142.39370727539062
6,696.6873779296875,53.88014221191406,699.7529907226562,51.41150665283203
7,1178.2203369140625,92.38053894042969,1185.4207763671875,92.27428436279297
8,622.32373046875,115.85305786132812,623.154541015625,115.61671447753906
9,1189.6207275390625,22.685317993164062,1197.682861328125,21.8016357421875
10,429.65240478515625,151.96620178222656,429.12200927734375,152.00926208496094
11,623.0481567382812,155.09364318847656,623.9727783203125,155.34591674804688
12,175.80885314941406,72.41392517089844,164.8699493408203,69.88815307617188
13,578.4483032226562,135.87330627441406,578.8057861328125,135.98097229003906
14,1189.6207275390625,22.685317993164062,1197.682861328125,21.8016357421875
15,562.4168090820312,193.0498809814453,561.8271484375,193.80430603027344
16,562.4168090820312,193.0498809814453,561.8271484375,193.80430603027344
17,507.8114318847656,195.12940979003906,505.8930969238281,196.1183319091797
18,589.639404296875,135.56617736816406,589.9628295898438,135.68931579589844
19,419.8541564941406,142.85931396484375,417.90118408203125,142.78677368164062
20,677.982421875,50.24025344848633,680.7061767578125,47.58273696899414
21,664.2057495117188,159.70065307617188,665.691162109375,160.11865234375
22,404.1318054199219,143.43096923828125,402.0959777832031,143.37725830078125
23,520.25390625,195.40750122070312,518.6437377929688,196.33786010742188
24,542.4754028320312,146.25933837890625,542.3394775390625,146.30044555664062
25,1197.3692626953125,38.43092346191406,1205.4593505859375,37.76847457885742
26,176.8029327392578,65.54686737060547,165.93231201171875,62.6793212890625
27,589.639404296875,135.56617736816406,589.9628295898438,135.68931579589844
28,551.9683227539062,195.98472595214844,551.1273193359375,196.99241638183594
29,680.5679931640625,41.45424270629883,683.4728393554688,38.50212097167969
30,566.604736328125,156.51629638671875,566.853515625,156.72251892089844
31,668.779541015625,164.40109252929688,670.4024047851562,164.82493591308594
32,1189.73681640625,30.141016006469727,1197.698486328125,29.36410140991211
33,723.3556518554688,114.28643798828125,725.7365112304688,113.807861328125
34,664.2057495117188,159.70065307617188,665.691162109375,160.11865234375
35,725.450439453125,283.8448486328125,741.4446411132812,298.4240417480469
36,1173.838134765625,49.10871887207031,1181.282958984375,48.65866470336914
37,723.3556518554688,114.28643798828125,725.7365112304688,113.807861328125
38,552.6648559570312,166.6569061279297,552.9303588867188,166.85523986816406
39,1169.39306640625,86.98340606689453,1176.896728515625,87.05082702636719
40,652.3296508789062,144.2099609375,653.3269653320312,144.39862060546875
41,1187.914794921875,64.34681701660156,1195.8978271484375,63.826663970947266
42,638.6000366210938,215.9393310546875,640.6624145507812,218.31832885742188
43,1187.283935546875,81.60912322998047,1195.265380859375,81.74868774414062
44,636.54736328125,122.5478744506836,637.7913818359375,122.42573547363281
45,643.2733764648438,130.23886108398438,644.2984008789062,130.09552001953125
46,1196.1290283203125,31.6818904876709,1204.2232666015625,30.980388641357422
47,733.5870971679688,116.24103546142578,735.8885498046875,116.1216812133789
48,1171.42529296875,29.16319465637207,1178.81787109375,28.52423667907715
49,304.1611633300781,95.2375717163086,298.4194030761719,93.60741424560547
50,256.56011962890625,58.036529541015625,250.8663330078125,55.841976165771484
51,566.604736328125,156.51629638671875,566.853515625,156.72251892089844
52,515.7653198242188,190.42344665527344,514.9937133789062,191.26345825195312
53,1195.2965087890625,73.32662963867188,1203.297607421875,73.16027069091797
54,667.7708129882812,96.37615966796875,670.4006958007812,95.97770690917969
55,1174.3516845703125,32.407936096191406,1181.82568359375,31.8301944732666
56,117.7342300415039,63.67512130737305,105.9998550415039,60.76280975341797
57,669.986328125,143.89305114746094,671.8840942382812,144.00364685058594
58,550.4925537109375,190.79637145996094,550.0812377929688,191.630859375
59,557.752685546875,197.7025146484375,557.66845703125,199.0661163330078
60,533.7200927734375,190.85324096679688,532.7940063476562,191.67324829101562
61,530.6024780273438,195.06768798828125,529.0839233398438,196.1761474609375
62,655.6047973632812,152.45127868652344,657.0064697265625,152.5452880859375
63,654.45703125,109.78417205810547,655.7344360351562,109.49691009521484
64,1197.10302734375,21.081649780273438,1205.3675537109375,20.193191528320312
65,598.6411743164062,177.378662109375,599.137939453125,177.89981079101562
66,642.5208740234375,154.27859497070312,643.8970336914062,154.67893981933594
67,690.706787109375,61.06174850463867,693.7843627929688,58.356422424316406
68,192.43896484375,113.6168441772461,181.42832946777344,111.7518310546875
69,652.1498413085938,131.94847106933594,653.4332275390625,131.95799255371094
70,383.923095703125,60.30312728881836,370.85382080078125,53.30628967285156
71,524.8667602539062,190.27755737304688,523.9814453125,191.09719848632812
72,682.4915771484375,202.115478515625,685.0890502929688,203.52273559570312
73,1169.5977783203125,50.054168701171875,1176.992431640625,49.689483642578125
74,616.7213134765625,163.5714874267578,617.4549560546875,163.8155517578125
75,162.75146484375,72.08656311035156,151.2406768798828,69.25962829589844
76,608.9022216796875,165.24343872070312,609.5698852539062,165.6372528076172
77,161.435546875,101.43241119384766,148.80459594726562,99.5531005859375
78,689.2252807617188,82.46536254882812,692.2059936523438,80.53721618652344
79,113.06668090820312,57.936546325683594,101.22193145751953,54.85010528564453
80,657.1288452148438,227.27069091796875,660.6600341796875,230.85581970214844
81,603.6574096679688,119.99528503417969,604.3155517578125,119.52131652832031
82,541.0993041992188,170.64202880859375,541.3441772460938,170.84410095214844
83,533.7200927734375,190.85324096679688,532.7940063476562,191.67324829101562
84,658.3505859375,145.3411865234375,659.8403930664062,145.6383819580078
85,121.6974105834961,44.2754020690918,109.93045043945312,40.78993225097656
86,669.765625,112.1191177368164,671.3401489257812,111.90453338623047
87,657.3079833984375,224.41807556152344,660.6350708007812,227.68789672851562
88,606.9053955078125,120.2379150390625,607.8179931640625,119.87032318115234
89,689.2252807617188,82.46536254882812,692.2059936523438,80.53721618652344
90,91.9908447265625,210.61520385742188,70.43801879882812,212.1701202392578
91,685.2615966796875,23.040014266967773,688.2877197265625,19.382413864135742
92,663.022705078125,116.46332550048828,664.5573120117188,116.18096923828125
93,611.6051025390625,141.91006469726562,612.2042236328125,141.7894287109375
94,597.8416748046875,217.214599609375,597.8775024414062,219.77529907226562
95,716.8601684570312,105.75299835205078,718.8626098632812,105.64737701416016
96,695.8540649414062,37.061885833740234,699.0921630859375,33.96978759765625
97,555.5408935546875,149.25192260742188,555.646728515625,149.332763671875
98,524.089599609375,146.52099609375,523.6644897460938,146.56106567382812
99,606.2076416015625,264.3252868652344,606.90234375,273.95037841796875
100,1188.369384765625,59.29461669921875,1196.310791015625,58.82817840576172
101,524.089599609375,146.52099609375,523.6644897460938,146.56106567382812
102,632.133544921875,254.45272827148438,634.8004760742188,262.3377990722656
103,545.9153442382812,149.8248291015625,546.0482177734375,150.03858947753906
104,1171.4189453125,94.64839172363281,1178.9820556640625,94.53919982910156
105,592.8321533203125,192.5732421875,593.0972900390625,193.50570678710938
106,945.9227905273438,97.9921875,949.7633666992188,98.02649688720703
107,687.9660034179688,27.709331512451172,691.0214233398438,24.178071975708008
108,660.5030517578125,124.73890686035156,661.9006958007812,124.6705322265625
109,598.571533203125,168.75489807128906,599.1747436523438,169.14903259277344
110,695.8338623046875,169.64108276367188,699.1709594726562,170.08587646484375
111,502.8373718261719,210.30572509765625,498.6715393066406,212.5211181640625
112,403.6520690917969,153.3854522705078,402.2878723144531,153.3197021484375
113,743.1617431640625,220.81216430664062,750.8706665039062,223.80935668945312
114,583.9581298828125,260.02679443359375,582.4685668945312,268.80145263671875
115,1079.2333984375,288.6018981933594,1034.9337158203125,279.7377014160156
116,564.5836181640625,163.95518493652344,564.9791259765625,164.31768798828125
117,1195.9630126953125,56.753623962402344,1204.123779296875,56.16990661621094
118,755.343017578125,96.90046691894531,759.9973754882812,95.41531372070312
119,688.98095703125,186.1428680419922,692.0005493164062,187.02223205566406
120,510.42364501953125,273.55316162109375,500.58209228515625,285.0773010253906
121,662.59326171875,105.39352416992188,663.9231567382812,105.29932403564453
122,587.6780395507812,148.8196258544922,587.8514404296875,149.01315307617188
123,594.7839965820312,264.0674133300781,594.5030517578125,273.6676940917969
124,670.9933471679688,152.95556640625,672.5197143554688,153.2088623046875
125,503.9444580078125,140.85342407226562,502.9423522949219,140.9258270263672
126,587.4851684570312,296.99658203125,585.5177612304688,315.0325622558594
127,550.65380859375,149.54974365234375,550.6862182617188,149.6646270751953
128,549.6093139648438,172.61341857910156,550.1182250976562,173.1876678466797
129,642.5036010742188,221.43959045410156,644.8634643554688,224.37606811523438
130,581.4849243164062,123.7408676147461,581.6220703125,123.59583282470703
131,552.1669311523438,214.64309692382812,550.4293212890625,217.0641632080078
132,504.1758117675781,138.06930541992188,503.0,137.6049041748047
133,526.6176147460938,279.1544494628906,517.9024047851562,292.1210021972656
134,684.9118041992188,188.2665252685547,687.6831665039062,189.3491668701172
135,678.0723876953125,93.2706298828125,680.393798828125,91.7846908569336
136,736.0948486328125,220.4584503173828,743.1604614257812,223.49436950683594
137,566.5447998046875,74.68209075927734,565.6754150390625,71.53522491455078
138,531.5750732421875,134.69297790527344,530.6732788085938,134.30764770507812
139,669.986328125,143.89305114746094,671.8840942382812,144.00364685058594
140,648.6441040039062,180.3500518798828,649.8058471679688,181.00486755371094
141,184.56198120117188,30.838665008544922,173.84521484375,27.38126564025879
142,619.8468627929688,135.93406677246094,620.7141723632812,135.9188995361328
143,761.4168090820312,153.85894775390625,764.4470825195312,154.04031372070312
144,176.36593627929688,57.763431549072266,165.58242797851562,55.1622314453125
145,581.8200073242188,168.9093475341797,582.18359375,169.1548309326172
146,182.93548583984375,41.017425537109375,172.14842224121094,37.024330139160156
147,874.1181030273438,328.6597595214844,862.7093505859375,323.5841064453125
148,113.06668090820312,57.936546325683594,101.22193145751953,54.85010528564453
149,1072.7001953125,287.3315734863281,1034.9337158203125,279.7377014160156
150,1066.5001220703125,286.3550109863281,1034.9337158203125,279.7377014160156
151,553.8892211914062,223.27467346191406,551.9542236328125,226.15463256835938
152,588.6570434570312,130.90377807617188,589.2071533203125,130.9371337890625
153,110.60369873046875,89.01173400878906,98.54283142089844,86.85189819335938
154,552.3624877929688,219.13919067382812,550.4308471679688,221.7680206298828
155,1175.1279296875,59.478797912597656,1182.6044921875,59.1395149230957
156,692.5621337890625,133.60313415527344,693.1842651367188,133.08096313476562
157,527.8203125,183.72959899902344,527.4595947265625,184.62266540527344
158,659.6818237304688,249.94801330566406,664.8135986328125,257.0304870605469
159,617.5601196289062,118.84687042236328,618.9503784179688,118.21027374267578
160,184.35511779785156,45.1275634765625,174.00706481933594,41.96443176269531
161,557.0618896484375,143.88650512695312,556.926025390625,143.84609985351562
162,738.1408081054688,87.2190933227539,742.3570556640625,87.36522674560547
163,775.4127197265625,102.15110778808594,780.30029296875,101.26815795898438
164,298.0400085449219,163.25399780273438,293.7882995605469,163.51475524902344
165,597.8416748046875,217.214599609375,597.8775024414062,219.77529907226562
166,689.62841796875,167.66424560546875,692.5038452148438,168.44325256347656
167,565.1778564453125,115.38191986083984,565.7211303710938,114.89602661132812
168,974.0037231445312,70.78630828857422,992.4279174804688,66.74714660644531
169,737.69189453125,228.0921630859375,745.86865234375,231.93556213378906
170,572.8123779296875,176.1567840576172,573.2936401367188,176.84063720703125
171,581.8200073242188,168.9093475341797,582.18359375,169.1548309326172
172,578.4483032226562,135.87330627441406,578.8057861328125,135.98097229003906
173,467.0005798339844,284.0124206542969,447.0721130371094,300.4936828613281
174,541.2713012695312,150.46224975585938,541.8150024414062,150.590087890625
175,642.9782104492188,166.3043670654297,644.2219848632812,166.8030242919922
176,581.3417358398438,266.70050048828125,579.4263916015625,276.861083984375
177,500.674072265625,286.6893615722656,487.8076171875,301.5736389160156
178,636.1686401367188,155.2356414794922,637.1118774414062,155.476318359375
179,504.6751708984375,290.1004943847656,491.9859313964844,305.9745178222656
180,706.8828125,203.2162322998047,711.6341552734375,206.50140380859375
181,1175.4560546875,23.204139709472656,1183.2747802734375,22.347986221313477
182,655.6047973632812,152.45127868652344,657.0064697265625,152.5452880859375
183,583.8026733398438,50.22188949584961,583.7529907226562,45.32020950317383
184,652.2996826171875,187.679931640625,653.2940673828125,188.392822265625
185,549.6203002929688,136.62477111816406,549.6359252929688,136.51097106933594
186,549.6203002929688,136.62477111816406,549.6359252929688,136.51097106933594
187,333.639404296875,89.11982727050781,329.06573486328125,87.6804428100586
188,554.388671875,187.46124267578125,553.5428466796875,188.05601501464844
189,682.381103515625,246.48599243164062,689.2240600585938,252.91888427734375
190,441.88427734375,177.58859252929688,440.8453369140625,178.03680419921875
191,576.017822265625,151.1284942626953,576.5558471679688,151.444091796875
192,344.8199768066406,185.36862182617188,341.08099365234375,185.71385192871094
193,504.6751708984375,290.1004943847656,491.9859313964844,305.9745178222656
194,614.3319702148438,182.29693603515625,615.1622314453125,182.85313415527344
195,178.75392150878906,99.80938720703125,167.14166259765625,97.80307006835938
196,623.1818237304688,131.7965850830078,624.5252685546875,131.84170532226562
197,514.9805908203125,98.2022705078125,514.046142578125,97.37190246582031
198,185.35475158691406,54.752830505371094,175.01300048828125,50.967708587646484
199,129.54144287109375,57.990962982177734,117.93912506103516,55.049556732177734
200,728.9862060546875,110.86528015136719,731.2540893554688,110.61900329589844
201,751.5933227539062,225.4663848876953,761.6234741210938,229.18624877929688
202,606.4418334960938,192.73294067382812,607.1658325195312,193.7527618408203
203,1174.4276123046875,27.877309799194336,1182.452392578125,27.025283813476562
204,503.6515197753906,145.4156494140625,502.65606689453125,145.44009399414062
205,246.7992706298828,29.112754821777344,228.30862426757812,21.42451286315918
206,258.46026611328125,147.73831176757812,252.09085083007812,147.18260192871094
207,676.0985107421875,241.57711791992188,681.9757690429688,247.1687469482422
208,694.2094116210938,92.56685638427734,697.400390625,91.09703826904297
209,841.322509765625,77.97782135009766,849.31103515625,75.39877319335938
210,858.070068359375,288.6529541015625,847.3863525390625,284.6575012207031
211,544.1085205078125,142.81517028808594,544.2724609375,142.899169921875
212,543.8926391601562,75.08830261230469,542.5076904296875,72.40484619140625
213,661.0744018554688,139.341064453125,662.4785766601562,139.4492950439453
214,686.3246459960938,98.89933776855469,689.3057861328125,98.02061462402344
215,634.9518432617188,154.81491088867188,636.0498046875,155.29861450195312
216,447.7396545410156,250.53656005859375,433.3602294921875,258.7665710449219
217,842.84423828125,82.61946105957031,850.8892211914062,80.21269226074219
218,649.3200073242188,157.432373046875,650.6175537109375,157.87196350097656
219,592.66162109375,152.79043579101562,593.406005859375,153.04840087890625
220,328.95635986328125,195.08204650878906,323.1086730957031,195.84854125976562
221,594.4017333984375,188.72314453125,594.5358276367188,189.5336151123047
222,719.1305541992188,238.33108520507812,727.76708984375,243.53573608398438
223,502.16162109375,195.13970947265625,499.8616943359375,196.27525329589844
224,698.865234375,84.05891418457031,702.036376953125,81.75440216064453
225,560.133056640625,105.11763000488281,560.1790161132812,104.53559875488281
226,496.9991455078125,141.62005615234375,495.82049560546875,141.4559326171875
227,653.2348022460938,102.12016296386719,654.5764770507812,101.8283462524414
228,229.45138549804688,54.01877975463867,223.19764709472656,51.83258819580078
229,598.152587890625,77.19503021240234,598.5010986328125,74.10633087158203
230,660.9064331054688,130.01930236816406,662.3968505859375,129.91793823242188
231,260.9993591308594,188.31704711914062,253.1327667236328,189.07626342773438
232,587.8936157226562,184.9577178955078,588.546630859375,185.68637084960938
233,121.58042907714844,73.3801040649414,109.94247436523438,70.43224334716797
234,293.3976745605469,69.96411895751953,287.8980712890625,68.07185363769531
235,587.4347534179688,76.96160125732422,587.3193359375,73.43899536132812
236,606.9053955078125,120.2379150390625,607.8179931640625,119.87032318115234
237,153.2534637451172,237.74319458007812,111.07662200927734,242.91758728027344
238,551.0614013671875,204.45242309570312,549.6576538085938,206.2592010498047
239,886.7308349609375,110.82563018798828,895.114990234375,109.83585357666016
240,622.4834594726562,123.94766235351562,623.5247802734375,123.67466735839844
241,520.8626098632812,98.53424072265625,520.0517578125,97.46005249023438
242,420.6458740234375,183.70486450195312,418.79669189453125,184.0411376953125
243,492.4640197753906,285.712158203125,478.1973876953125,300.9334411621094
244,475.6755065917969,210.9029541015625,470.2261047363281,213.00645446777344
245,858.070068359375,288.6529541015625,847.3863525390625,284.6575012207031
246,624.3758544921875,167.3211669921875,625.3843994140625,167.71023559570312
247,632.75146484375,135.02276611328125,633.78857421875,135.03346252441406
248,656.7957153320312,229.88401794433594,660.3585815429688,233.57138061523438
249,1115.653564453125,319.725830078125,1078.3919677734375,309.9892578125
250,617.6370849609375,175.2757568359375,618.3573608398438,176.00643920898438
251,162.75146484375,72.08656311035156,151.2406768798828,69.25962829589844
252,110.60369873046875,89.01173400878906,98.54283142089844,86.85189819335938
253,1040.4520263671875,40.960609436035156,1063.8609619140625,34.75596618652344
254,420.6458740234375,183.70486450195312,418.79669189453125,184.0411376953125
255,573.5140380859375,137.90699768066406,574.0281982421875,137.9415740966797
256,526.2801513671875,192.37661743164062,524.4618530273438,193.26303100585938
257,492.3422546386719,183.51564025878906,491.53155517578125,184.14706420898438
258,742.9878540039062,297.02423095703125,763.4680786132812,315.3149108886719
259,278.4383239746094,105.03784942626953,272.636962890625,103.96366882324219
260,537.8306884765625,116.81816864013672,537.6012573242188,116.08013153076172
261,771.9896240234375,115.654296875,777.2735595703125,114.69207763671875
262,620.8397216796875,207.35174560546875,622.2057495117188,209.06500244140625
263,587.4347534179688,76.96160125732422,587.3193359375,73.43899536132812
264,622.4834594726562,123.94766235351562,623.5247802734375,123.67466735839844
265,675.055419921875,187.58004760742188,677.5888671875,188.71180725097656
266,85.07019805908203,71.80729675292969,71.71048736572266,69.05577850341797
267,736.4921264648438,130.9821319580078,738.8502197265625,131.05654907226562
268,627.274658203125,177.83859252929688,628.5042724609375,178.40049743652344
269,1123.6876220703125,326.0915832519531,1085.0941162109375,316.1728515625
270,549.8112182617188,216.6045684814453,548.0414428710938,218.89230346679688
271,695.234375,84.16597747802734,698.2112426757812,81.9024887084961
272,446.95361328125,211.12562561035156,439.56353759765625,213.4065704345703
273,581.6725463867188,128.13864135742188,582.0856323242188,128.06593322753906
274,583.8026733398438,50.22188949584961,583.7529907226562,45.32020950317383
275,693.13671875,189.7143096923828,696.004638671875,190.64939880371094
276,637.4650268554688,176.67874145507812,638.689208984375,176.92347717285156
277,557.5759887695312,182.3146514892578,557.818359375,183.2251739501953
278,681.1859130859375,84.42140197753906,684.0231323242188,82.71800231933594
279,424.6593933105469,212.93722534179688,414.9696960449219,215.2854766845703
280,661.5086059570312,180.61329650878906,663.0626220703125,181.6364288330078
281,376.0479431152344,251.1394500732422,352.9109191894531,259.4276428222656
282,524.89453125,177.39503479003906,524.6641845703125,177.90357971191406
283,569.0053100585938,88.67127990722656,569.2423095703125,86.66544342041016
284,476.0677185058594,286.39434814453125,458.2276611328125,302.9609069824219
285,861.37744140625,275.1362609863281,850.7543334960938,271.9285888671875
286,695.234375,84.16597747802734,698.2112426757812,81.9024887084961
287,1021.27490234375,122.81588745117188,1043.1414794921875,121.05005645751953
288,686.8717041015625,194.48495483398438,689.7822265625,195.64529418945312
289,641.6046752929688,121.0958480834961,642.7970581054688,121.0102767944336
290,543.5626831054688,215.13328552246094,541.033447265625,217.61294555664062
291,386.34197998046875,29.185569763183594,373.93426513671875,20.01742935180664
292,520.8626098632812,98.53424072265625,520.0517578125,97.46005249023438
293,290.4785461425781,96.99283599853516,284.5473937988281,95.5386962890625
294,440.343994140625,287.8177490234375,415.75372314453125,305.4964599609375
295,348.9061279296875,175.3079833984375,344.6386413574219,175.49522399902344
296,488.3821716308594,210.1436767578125,482.9387512207031,212.13223266601562
297,1181.919677734375,86.62332153320312,1189.5712890625,86.52613067626953
298,102.785888671875,97.73436737060547,90.582275390625,95.71226501464844
299,1113.5377197265625,325.4269104003906,1075.78857421875,315.3370056152344
300,169.21726989746094,77.58184051513672,158.01876831054688,74.88713836669922
301,569.359375,125.02771759033203,569.7316284179688,125.05813598632812
302,591.373779296875,267.6665954589844,590.5573120117188,278.0675964355469
303,662.59326171875,105.39352416992188,663.9231567382812,105.29932403564453
304,581.1393432617188,57.04768371582031,580.8141479492188,52.48836135864258
305,569.0053100585938,88.67127990722656,569.2423095703125,86.66544342041016
306,679.3052978515625,194.1201934814453,682.2732543945312,195.1950225830078
307,86.65010833740234,31.047473907470703,73.99395751953125,27.24506950378418
308,562.0413818359375,178.9726104736328,562.841064453125,179.45249938964844
309,183.26573181152344,17.581924438476562,172.55213928222656,13.434295654296875
310,696.0476684570312,88.93156433105469,699.3704223632812,87.45060729980469
311,584.31494140625,179.33062744140625,584.5629272460938,180.087646484375
312,1188.4627685546875,47.04962921142578,1196.381103515625,46.567657470703125
313,600.397216796875,149.806884765625,601.0215454101562,150.0041046142578
314,656.54638671875,179.84335327148438,657.84814453125,180.46107482910156
315,1180.301513671875,49.688392639160156,1188.0382080078125,49.076969146728516
316,538.9490356445312,142.85191345214844,538.7178344726562,143.01194763183594
317,475.6755065917969,210.9029541015625,470.2261047363281,213.00645446777344
318,605.8953247070312,134.5255889892578,606.60302734375,134.58035278320312
319,646.7908935546875,118.64810943603516,648.18115234375,118.41675567626953
320,526.2774047851562,150.01727294921875,526.3406372070312,150.008544921875
321,691.6749877929688,95.94812774658203,694.8157958984375,94.40540313720703
322,267.73736572265625,210.49990844726562,255.88055419921875,212.35826110839844
323,723.64794921875,217.30514526367188,729.8673095703125,220.10272216796875
324,757.1367797851562,101.81605529785156,761.8859252929688,100.20610809326172
325,636.1013793945312,213.94125366210938,638.11279296875,216.1466064453125
326,774.6466674804688,207.53546142578125,783.3748168945312,209.680908203125
327,566.7646484375,144.19305419921875,567.2509155273438,144.3537139892578
328,570.7971801757812,136.1046905517578,571.1392211914062,136.0706787109375
329,376.0479431152344,251.1394500732422,352.9109191894531,259.4276428222656
330,1012.5376586914062,58.79804992675781,1034.7264404296875,53.767250061035156
331,541.5574340820312,121.64836883544922,540.8157348632812,121.08549499511719
332,623.4640502929688,189.608642578125,624.2628173828125,190.41587829589844
333,250.2207794189453,79.59984588623047,243.82171630859375,77.02837371826172
334,109.21768951416016,94.73100280761719,97.03116607666016,92.59441375732422
335,686.8717041015625,194.48495483398438,689.7822265625,195.64529418945312
336,130.74147033691406,85.4338150024414,119.12406921386719,82.87996673583984
337,733.1959228515625,233.82693481445312,742.4354858398438,238.2798614501953
338,764.6007690429688,228.4840087890625,774.7730102539062,232.63160705566406
339,572.8184814453125,117.08037567138672,573.0816650390625,116.86353302001953
340,695.8338623046875,169.64108276367188,699.1709594726562,170.08587646484375
341,493.56494140625,280.8187561035156,479.582275390625,295.3306884765625
342,759.6062622070312,122.29346466064453,764.1324462890625,121.60696411132812
343,983.1738891601562,51.34647750854492,1002.3674926757812,46.56494903564453
344,573.930419921875,111.88445281982422,574.0685424804688,111.46957397460938
345,783.6061401367188,109.02294158935547,788.93701171875,107.8065414428711
346,612.7733764648438,173.1660919189453,613.5029907226562,173.55662536621094
347,524.1761474609375,315.771240234375,514.81201171875,340.2621765136719
348,901.2847290039062,97.52641296386719,910.3570556640625,95.95613098144531
349,258.77239990234375,53.721885681152344,253.26174926757812,51.77693557739258
350,90.28377532958984,71.90023803710938,77.92544555664062,69.22206115722656
351,414.7980651855469,213.04501342773438,404.8675537109375,215.64373779296875
352,595.188720703125,108.0101089477539,595.7023315429688,107.41871643066406
353,852.1492309570312,105.40662384033203,860.5490112304688,104.2225570678711
354,691.4150390625,71.50152587890625,694.5017700195312,69.65960693359375
355,490.45721435546875,301.7988586425781,473.75439453125,321.6524353027344
356,507.6032409667969,104.7037582397461,506.4819030761719,103.69287872314453
357,82.96037292480469,129.92135620117188,67.06478118896484,128.07656860351562
358,275.4270324707031,157.1654510498047,270.2841796875,157.2335968017578
359,532.4549560546875,111.82878112792969,531.5774536132812,110.92550659179688
360,570.7971801757812,136.1046905517578,571.1392211914062,136.0706787109375
361,547.2052612304688,167.28623962402344,547.6060791015625,167.49044799804688
362,594.1033935546875,41.27676773071289,594.5145263671875,36.714874267578125
363,976.1630859375,55.651611328125,994.7948608398438,50.76981735229492
364,638.61181640625,132.02915954589844,639.6751708984375,131.84552001953125
365,650.5975952148438,316.47967529296875,658.84716796875,341.5065002441406
366,630.2656860351562,166.9314422607422,631.281494140625,167.4208526611328
367,555.8168334960938,111.31591033935547,556.0201416015625,110.88457489013672
368,286.48687744140625,89.3167953491211,280.5809020996094,87.84722900390625
369,1154.0106201171875,337.39251708984375,1112.499755859375,326.2933349609375
370,587.808349609375,18.099437713623047,587.810302734375,12.032938957214355
371,91.29767608642578,115.45543670654297,78.64335632324219,113.9873275756836
372,624.1547241210938,170.41732788085938,624.9931640625,170.85179138183594
373,175.9806671142578,28.618114471435547,164.9492645263672,24.579195022583008
374,1144.68798828125,315.66815185546875,1104.4044189453125,306.36328125
375,650.174560546875,186.46583557128906,653.1616821289062,187.7815399169922
376,489.229736328125,285.2197265625,474.0511169433594,300.6798400878906
377,168.01837158203125,24.50126075744629,157.33766174316406,20.64008140563965
378,223.2614288330078,63.485355377197266,217.12026977539062,61.52578353881836
379,617.9451904296875,136.08380126953125,618.4209594726562,136.17042541503906
380,974.2052612304688,54.3416633605957,992.6522827148438,49.41979217529297
381,513.2407836914062,142.68638610839844,512.3179321289062,142.72299194335938
382,499.4930114746094,146.0001678466797,498.6977233886719,146.1248779296875
383,755.343017578125,96.90046691894531,759.9973754882812,95.41531372070312
384,502.0658874511719,149.65036010742188,501.64111328125,149.9327850341797
385,97.04682159423828,123.45757293701172,82.84942626953125,122.44931030273438
386,852.1492309570312,105.40662384033203,860.5490112304688,104.2225570678711
387,106.68046569824219,121.982421875,92.66816711425781,120.35169982910156
388,278.0283508300781,70.25608825683594,272.12908935546875,68.30934143066406
389,105.8973159790039,175.60968017578125,90.98136901855469,175.5707550048828
390,1019.9552612304688,95.22344207763672,1041.17724609375,91.61316680908203
391,552.0127563476562,108.7992172241211,551.908935546875,108.18985748291016
392,883.9697265625,112.7579345703125,891.7471923828125,112.33299255371094
393,294.89154052734375,77.99662780761719,289.3787536621094,76.27410888671875
394,205.1009063720703,83.37864685058594,195.4987335205078,81.04317474365234
395,618.3917846679688,189.6779327392578,619.298828125,190.41604614257812
396,669.4789428710938,104.24388122558594,670.9136352539062,103.98384094238281
397,1226.0931396484375,348.13543701171875,1178.83837890625,336.03485107421875
398,379.330078125,35.2767333984375,366.10919189453125,26.4793643951416
399,607.3323974609375,183.13717651367188,608.1022338867188,183.46337890625
400,610.621337890625,170.5955047607422,611.3477783203125,170.9748077392578
401,796.91259765625,112.92198181152344,802.8021240234375,111.96888732910156
402,669.6153564453125,176.8374481201172,671.5819091796875,178.09304809570312
403,549.4974975585938,119.6999282836914,549.2762451171875,119.14942932128906
404,430.2549743652344,168.2978973388672,429.3457336425781,168.49301147460938
405,651.0670166015625,118.8299560546875,652.4743041992188,118.57766723632812
406,866.1405639648438,329.81201171875,854.8975830078125,324.5440368652344
407,528.0956420898438,117.99339294433594,527.22412109375,117.38996124267578
408,313.12420654296875,195.0215301513672,306.63189697265625,195.69869995117188
409,505.38055419921875,286.5662841796875,493.4129333496094,301.27630615234375
410,587.4802856445312,99.4879150390625,587.99658203125,99.34375762939453
411,486.3843994140625,114.61846923828125,484.6517028808594,113.73419952392578
412,1183.930419921875,353.2309265136719,1140.0018310546875,340.90399169921875
413,723.556884765625,126.97134399414062,725.61572265625,127.0516586303711
414,517.33935546875,170.070068359375,516.78955078125,169.7158660888672
415,1132.918212890625,321.67315673828125,1092.944580078125,311.74029541015625
416,682.381103515625,246.48599243164062,689.2240600585938,252.91888427734375
417,794.7613525390625,209.27561950683594,805.8394165039062,211.4125518798828
418,1128.79345703125,308.8236999511719,1090.5865478515625,300.03851318359375
419,88.52139282226562,24.236370086669922,76.52661895751953,20.499692916870117
420,378.0960388183594,97.59574127197266,364.6566162109375,92.92738342285156
421,109.8966293334961,62.21101760864258,97.77790832519531,59.28108596801758
422,616.7913818359375,104.2677993774414,617.4180297851562,104.06626892089844
423,485.6108093261719,187.83050537109375,483.9315185546875,188.61123657226562
424,546.6722412109375,176.61756896972656,547.0445556640625,177.3321075439453
425,1044.466064453125,87.92168426513672,1067.8406982421875,84.3191909790039
426,214.8494415283203,49.85306930541992,207.52462768554688,47.44171142578125
427,620.265380859375,165.95420837402344,621.0725708007812,166.36572265625
428,1230.2650146484375,337.09344482421875,1182.825927734375,325.91314697265625
429,561.5679321289062,164.97116088867188,561.91845703125,165.34637451171875
430,982.3096923828125,74.20339965820312,1001.2179565429688,70.11702728271484
431,1153.63525390625,321.696044921875,1112.7833251953125,311.6143493652344
432,1113.203125,325.00604248046875,1075.78857421875,315.3370056152344
433,574.661865234375,104.85599517822266,574.8504028320312,104.5792007446289
434,1040.4520263671875,40.960609436035156,1063.8609619140625,34.75596618652344
435,291.66473388671875,180.9668426513672,284.1590881347656,181.48272705078125
436,560.280029296875,73.27356719970703,559.2704467773438,69.5516586303711
437,348.2278137207031,74.00647735595703,341.8497619628906,71.80812072753906
438,557.631103515625,160.8052520751953,557.8408813476562,161.0763702392578
439,560.0077514648438,188.02854919433594,559.7568969726562,188.82687377929688
440,607.896728515625,112.06270599365234,608.70361328125,111.67467498779297
441,431.68902587890625,183.57078552246094,430.4052734375,183.9357147216797
442,519.0879516601562,146.2574462890625,518.4534912109375,146.20361328125
443,757.5402221679688,94.30083465576172,762.4530639648438,92.97002410888672
444,270.53521728515625,56.50495529174805,265.24859619140625,54.398014068603516
445,323.1246032714844,89.3279800415039,317.85107421875,87.82038879394531
446,377.6459655761719,65.04318237304688,364.049560546875,58.19822692871094
447,116.92166900634766,86.68485260009766,104.85834503173828,83.99787902832031
448,511.8409423828125,91.69197845458984,510.97900390625,90.19770812988281
449,267.48193359375,25.223804473876953,250.00721740722656,17.14702033996582
450,510.58782958984375,145.3271484375,510.1666564941406,145.6049041748047
451,260.3910217285156,29.38202476501465,242.73048400878906,21.790117263793945
452,319.1027526855469,125.47122955322266,310.83074951171875,124.47636413574219
453,936.0950317382812,251.6414337158203,919.764404296875,249.53488159179688
454,673.0847778320312,269.4791259765625,681.1079711914062,280.59454345703125
455,507.9429931640625,173.6253662109375,508.0705871582031,173.98976135253906
456,304.7325439453125,99.98370361328125,299.31854248046875,98.58875274658203
457,765.510009765625,104.00215911865234,770.3837890625,102.64667510986328
458,380.6563720703125,18.517763137817383,367.5710754394531,8.912178039550781
459,898.0208129882812,98.27019500732422,906.6978149414062,97.24052429199219
460,345.4270935058594,109.615966796875,341.1195373535156,108.50525665283203
461,560.6266479492188,174.73439025878906,561.0360717773438,175.16456604003906
462,489.4537658691406,130.2512969970703,487.8760070800781,129.70362854003906
463,120.69702911376953,95.04217529296875,108.6703872680664,93.37918090820312
464,568.3372802734375,59.58893585205078,567.3275756835938,55.278343200683594
465,514.0555419921875,276.4723815917969,504.0947265625,288.6102600097656
466,494.2281494140625,176.33816528320312,492.7330322265625,176.5459442138672
467,992.1337280273438,58.17925262451172,1012.2874755859375,53.8056755065918
468,298.472412109375,181.2415313720703,291.0758056640625,181.856201171875
469,307.7127380371094,93.53675079345703,302.41259765625,92.15349578857422
470,408.3424072265625,214.06442260742188,398.2608642578125,216.59210205078125
471,643.9887084960938,144.64633178710938,645.5992431640625,144.5654754638672
472,521.6749877929688,150.0963897705078,521.3971557617188,150.18240356445312
473,627.3147583007812,172.7866973876953,628.831787109375,173.34788513183594
474,1127.919921875,321.6456298828125,1089.0723876953125,311.8329772949219
475,546.55322265625,122.56044006347656,546.1072387695312,121.98992156982422
476,570.174072265625,71.07503509521484,569.1961059570312,68.10761260986328
477,1014.8342895507812,133.12974548339844,1036.0821533203125,131.97727966308594
478,262.2570495605469,216.91139221191406,242.75531005859375,219.82196044921875
479,1183.930419921875,353.2309265136719,1140.0018310546875,340.90399169921875
480,577.6027221679688,115.33369445800781,578.2542114257812,115.27059936523438
481,343.90521240234375,106.56346130371094,339.2567443847656,105.6248779296875
482,110.97412109375,46.67002487182617,98.39006042480469,42.90845489501953
483,587.4802856445312,99.4879150390625,587.99658203125,99.34375762939453
484,121.23435974121094,82.20757293701172,109.5483627319336,80.12621307373047
485,941.457763671875,104.05049133300781,945.1083374023438,104.4666519165039
486,294.89154052734375,77.99662780761719,289.3787536621094,76.27410888671875
487,278.0482482910156,65.88041687011719,272.4661865234375,63.967430114746094
488,407.35516357421875,120.46078491210938,405.8675537109375,120.27713012695312
489,552.0127563476562,108.7992172241211,551.908935546875,108.18985748291016
490,666.72705078125,171.70245361328125,668.1650390625,171.98785400390625
491,462.82257080078125,199.22300720214844,457.9024963378906,200.75094604492188
492,676.0985107421875,241.57711791992188,681.9757690429688,247.1687469482422
493,604.691650390625,33.74900817871094,605.6535034179688,29.1302547454834
494,847.1778564453125,115.09603881835938,855.2300415039062,114.03082275390625
495,845.3086547851562,106.09135437011719,854.2275390625,104.40895080566406
496,733.7210083007812,125.32258605957031,735.86865234375,125.33599853515625
497,377.5231628417969,170.01971435546875,363.5877990722656,170.1156463623047
498,597.6846313476562,152.51358032226562,598.4370727539062,152.5782928466797
499,594.4430541992188,55.47333908081055,594.5170288085938,50.92261505126953
500,691.3532104492188,25.89588165283203,694.7091674804688,22.581418991088867
501,272.412109375,197.472412109375,264.40521240234375,198.22959899902344
502,417.13995361328125,290.2694091796875,387.60888671875,309.2535705566406
503,499.4930114746094,146.0001678466797,498.6977233886719,146.1248779296875
504,983.438720703125,62.048397064208984,1002.516845703125,57.63835906982422
505,214.9593963623047,44.013484954833984,207.7069549560547,41.041725158691406
506,379.9822998046875,48.96433639526367,366.8916320800781,41.250221252441406
507,981.8448486328125,55.719173431396484,1001.1402587890625,50.69497299194336
508,225.35740661621094,70.18157196044922,219.01119995117188,68.46226501464844
509,859.126708984375,218.53880310058594,875.9396362304688,221.31732177734375
510,663.2789916992188,151.69842529296875,664.6694946289062,152.0422821044922
511,653.06787109375,102.39899444580078,654.5764770507812,101.8283462524414
512,1128.9541015625,333.4149475097656,1090.0257568359375,322.6363525390625
513,206.23362731933594,52.54528045654297,199.14279174804688,50.05622100830078
514,372.58038330078125,16.940824508666992,359.0313415527344,7.793359279632568
515,693.1481323242188,184.1610565185547,695.97216796875,184.92959594726562
516,400.02581787109375,213.24404907226562,388.691650390625,215.7717742919922
517,577.0132446289062,122.45269775390625,577.318359375,122.46406555175781
518,788.3890380859375,201.9603729248047,796.7228393554688,203.8245849609375
519,690.516357421875,84.66633605957031,693.640380859375,83.25037384033203
520,839.5934448242188,221.34434509277344,855.0724487304688,225.03114318847656
521,992.5994873046875,104.03927612304688,1012.9558715820312,101.54219818115234
522,321.572265625,276.1266174316406,282.95587158203125,290.57794189453125
523,352.8499755859375,154.1042938232422,348.467041015625,154.59288024902344
524,602.9114379882812,166.1281280517578,603.86279296875,166.5664825439453
525,228.62730407714844,78.32225799560547,222.20892333984375,76.89634704589844
526,580.5164184570312,98.86946868896484,580.9525756835938,98.790771484375
527,345.3408203125,222.56805419921875,328.48590087890625,226.09300231933594
528,726.8528442382812,128.5888214111328,728.989013671875,128.700439453125
529,535.1976928710938,102.95764923095703,535.2089233398438,101.9814224243164
530,267.48193359375,25.223804473876953,250.00721740722656,17.14702033996582
531,575.6378784179688,49.5717658996582,574.933837890625,44.884498596191406
532,438.7998352050781,136.64813232421875,438.17230224609375,136.66075134277344
533,739.4226684570312,128.3338165283203,741.6951293945312,128.37864685058594
534,893.5599975585938,112.33741760253906,902.1779174804688,111.3041763305664
535,82.86512756347656,115.3907699584961,69.90196228027344,113.87698364257812
536,353.63848876953125,212.71835327148438,339.9961242675781,215.42398071289062
537,323.19464111328125,153.45611572265625,320.49713134765625,153.47389221191406
538,1031.2550048828125,132.6835174560547,1053.8204345703125,131.15576171875
539,596.8897705078125,48.28968048095703,597.4097900390625,43.47290802001953
540,1048.7154541015625,42.065711975097656,1072.125244140625,36.320457458496094
541,690.0813598632812,175.5045928955078,693.1090087890625,176.57655334472656
542,439.32098388671875,180.87815856933594,438.0367736816406,181.46258544921875
543,657.8102416992188,163.87823486328125,659.1751098632812,164.17974853515625
544,313.6075744628906,205.8183135986328,302.92901611328125,207.14842224121094
545,250.47048950195312,40.645755767822266,247.5347900390625,39.01914596557617
546,998.8119506835938,57.1937255859375,1019.641845703125,52.514556884765625
547,799.230712890625,108.00404357910156,805.4889526367188,106.95262908935547
548,570.2979125976562,41.25719451904297,569.2745361328125,35.83053207397461
549,690.516357421875,84.66633605957031,693.640380859375,83.25037384033203
550,511.9059143066406,99.47164154052734,510.9788513183594,98.45816040039062
551,570.174072265625,71.07503509521484,569.1961059570312,68.10761260986328
552,778.8672485351562,107.3653335571289,784.171875,105.78423309326172
553,535.3815307617188,54.28829574584961,533.5631713867188,50.4012336730957
554,515.0736694335938,119.45038604736328,513.8121948242188,118.98175048828125
555,300.0572814941406,82.8604736328125,294.5938415527344,81.11978149414062
556,897.1949462890625,109.05977630615234,905.6586303710938,108.01387023925781
557,494.2281494140625,176.33816528320312,492.7330322265625,176.5459442138672
558,379.9822998046875,48.96433639526367,366.8916320800781,41.250221252441406
559,325.8446960449219,189.10464477539062,320.2939758300781,189.3871612548828
560,219.34091186523438,41.10744094848633,212.55979919433594,38.29252624511719
561,523.269775390625,115.4345703125,522.50048828125,114.79386901855469
562,580.4143676757812,16.63723373413086,580.2481079101562,10.728597640991211
563,597.080322265625,297.6015625,597.3674926757812,315.7789611816406
564,370.6188049316406,302.2400207519531,328.5139465332031,325.9185791015625
565,796.91259765625,112.92198181152344,802.8021240234375,111.96888732910156
566,471.2213134765625,190.2144012451172,466.4440002441406,191.28929138183594
567,155.01556396484375,100.30372619628906,142.66159057617188,98.24657440185547
568,634.9913330078125,133.71566772460938,635.5997314453125,133.94337463378906
569,968.9578857421875,117.66182708740234,987.0675048828125,115.9929428100586
570,991.0055541992188,18.04218864440918,1010.1260375976562,11.320392608642578
571,365.0599670410156,213.23426818847656,350.86639404296875,215.87890625
572,693.7069091796875,78.4207534790039,697.0450439453125,76.94049835205078
573,109.8966293334961,62.21101760864258,97.77790832519531,59.28108596801758
574,108.00321960449219,24.433135986328125,95.9822006225586,20.101396560668945
575,625.0941162109375,118.54808807373047,625.9581298828125,117.81563568115234
576,843.6436157226562,127.0281753540039,852.0006713867188,126.5118408203125
577,675.5657958984375,193.31790161132812,677.9193725585938,194.1973114013672
578,734.5169677734375,146.51222229003906,736.820068359375,146.90379333496094
579,430.5163269042969,176.0311737060547,429.10675048828125,176.34071350097656
580,597.4234008789062,71.29341125488281,597.6451416015625,67.85725402832031
581,623.8771362304688,142.10733032226562,624.6226196289062,142.15663146972656
582,568.9208984375,66.10840606689453,568.62158203125,62.64460754394531
583,812.8675537109375,138.84963989257812,820.1896362304688,138.50970458984375
584,471.7244567871094,145.57606506347656,466.9142761230469,145.6610870361328
585,114.6617431640625,51.33561706542969,102.79669952392578,48.146270751953125
586,700.1002807617188,164.7143096923828,703.2808227539062,164.9102783203125
587,514.3961791992188,168.87461853027344,513.7018432617188,168.82614135742188
588,754.9114990234375,123.65190887451172,759.8414306640625,123.2828369140625
589,526.8418579101562,157.64358520507812,526.5823974609375,157.8852996826172
590,452.95892333984375,192.15963745117188,448.0802917480469,193.04933166503906
591,120.34246826171875,105.63705444335938,107.4473876953125,104.21701049804688
592,503.6515197753906,145.4156494140625,502.65606689453125,145.44009399414062
593,617.5062866210938,182.2292938232422,618.3494262695312,182.8740997314453
594,347.59814453125,203.72802734375,337.6940612792969,205.13436889648438
595,1045.03515625,116.9574966430664,1069.0455322265625,114.97164916992188
596,837.0328979492188,119.66153717041016,845.1477661132812,118.46257019042969
597,514.9805908203125,98.2022705078125,514.046142578125,97.37190246582031
598,512.4224853515625,129.13206481933594,511.205810546875,128.86782836914062
599,841.1576538085938,96.98129272460938,849.4451293945312,95.82466888427734
600,1048.6666259765625,92.11853790283203,1071.745849609375,88.55721282958984
601,339.2955627441406,81.93243408203125,335.1099853515625,80.38159942626953
602,733.113037109375,139.1697235107422,734.9811401367188,139.16903686523438
603,842.8001098632812,223.95819091796875,859.036376953125,228.14169311523438
604,725.107421875,147.03724670410156,727.69287109375,147.56715393066406
605,705.40869140625,112.273681640625,707.1847534179688,111.95706176757812
606,147.1736602783203,69.1978759765625,135.48873901367188,66.4974136352539
607,490.9323425292969,145.39784240722656,489.7066345214844,145.4167938232422
608,677.1511840820312,184.77748107910156,679.5264282226562,185.4912872314453
609,493.0622863769531,121.28365325927734,491.5421447753906,120.50431823730469
610,585.5640869140625,24.217775344848633,585.6092529296875,18.656978607177734
611,445.6243591308594,94.58831024169922,442.159423828125,93.51944732666016
612,377.61724853515625,57.48802185058594,363.9793701171875,50.156795501708984
613,517.701416015625,173.92013549804688,516.7501831054688,174.88880920410156
614,846.5724487304688,100.17176055908203,855.1334228515625,98.52169799804688
615,591.9808959960938,60.929988861083984,592.112548828125,56.506744384765625
616,442.34381103515625,139.13282775878906,441.4085693359375,139.00181579589844
617,857.9951782226562,302.4997253417969,846.85400390625,297.8876647949219
618,578.1065063476562,46.18410873413086,577.659912109375,40.873172760009766
619,114.80513763427734,27.721683502197266,102.96163940429688,23.917484283447266
620,902.213623046875,112.7180404663086,911.1227416992188,111.63216400146484
621,520.8171997070312,177.08775329589844,520.6842041015625,177.4066925048828
622,588.7935791015625,41.19245529174805,588.9906005859375,36.41798400878906
623,826.1260986328125,145.8993377685547,833.6161499023438,145.826904296875
624,570.64306640625,138.88612365722656,571.318603515625,138.9910888671875
625,830.4400634765625,145.71983337402344,840.8951416015625,146.53392028808594
626,618.1171875,284.4397277832031,618.9846801757812,298.9997863769531
627,815.2063598632812,205.1383819580078,826.38525390625,207.67251586914062
628,674.052490234375,106.521728515625,675.6150512695312,106.07006072998047
629,743.0332641601562,323.5467529296875,768.8470458984375,351.564208984375
630,275.4270324707031,157.1654510498047,270.2841796875,157.2335968017578
631,854.97900390625,113.51729583740234,863.9131469726562,112.68702697753906
632,445.60980224609375,179.49777221679688,444.4817199707031,180.0494384765625
633,1153.63525390625,321.696044921875,1112.7833251953125,311.6143493652344
634,502.391357421875,122.89863586425781,501.4048767089844,122.20826721191406
635,636.1829223632812,160.10809326171875,637.0278930664062,160.59312438964844
636,344.54931640625,178.55174255371094,341.2574462890625,178.85154724121094
637,1111.33935546875,112.382568359375,1119.849853515625,112.28536987304688
638,297.0375061035156,148.22059631347656,291.9049377441406,147.9171905517578
639,81.65374755859375,125.3703842163086,65.8836441040039,123.81237030029297
640,680.5570678710938,91.80001831054688,683.2764282226562,89.97352600097656
641,788.528076171875,120.90965270996094,794.1921997070312,119.88842010498047
642,489.7518005371094,168.9718780517578,489.0237121582031,168.6571502685547
643,1018.408935546875,15.20985221862793,1039.5872802734375,8.07345962524414
644,100.98358154296875,162.5701904296875,85.66886138916016,161.960693359375
645,595.2611083984375,268.4921875,594.7317504882812,278.9610290527344
646,730.8890991210938,126.81929779052734,732.901123046875,127.02915954589844
647,306.07568359375,90.29837036132812,300.51824951171875,88.68943786621094
648,1235.687255859375,344.1793518066406,1187.439697265625,332.3755187988281
649,556.4693603515625,173.8529510498047,557.0979614257812,174.09080505371094
650,759.053955078125,129.2363739013672,763.8277587890625,128.49925231933594
651,1039.6082763671875,129.23477172851562,1063.424072265625,127.7310562133789
652,521.7041015625,120.15082550048828,520.579345703125,119.76976013183594
653,577.4989624023438,76.88103485107422,577.2089233398438,73.74609375
654,685.3804321289062,144.041259765625,688.9891967773438,143.67465209960938
655,638.6314697265625,237.74208068847656,642.9533081054688,243.16888427734375
656,1120.4619140625,330.0570983886719,1082.3380126953125,319.4942321777344
657,513.3932495117188,180.01495361328125,512.64306640625,180.31240844726562
658,824.1087646484375,238.54005432128906,841.1131591796875,244.14456176757812
659,225.57318115234375,74.45364379882812,219.28118896484375,72.59185791015625
660,604.795654296875,107.59302520751953,605.5299072265625,107.01163482666016
661,851.1431884765625,113.13333129882812,859.5715942382812,112.01029968261719
662,466.9748840332031,102.62655639648438,462.283203125,99.87898254394531
663,815.2752075195312,198.09942626953125,825.787841796875,200.24200439453125
664,726.8528442382812,128.5888214111328,728.989013671875,128.700439453125
665,836.95068359375,126.30965423583984,844.3464965820312,125.64826965332031
666,465.46722412109375,142.8558349609375,460.9232177734375,141.58274841308594
667,451.35772705078125,86.35343170166016,447.0992431640625,84.00581359863281
668,1059.48583984375,117.044189453125,1084.353759765625,115.09156036376953
669,539.5189208984375,45.532005310058594,537.7660522460938,40.90029525756836
670,1046.8956298828125,80.44002532958984,1070.6488037109375,76.81621551513672
671,311.832275390625,80.43584442138672,306.41436767578125,78.68098449707031
672,1076.2060546875,64.45455169677734,1100.307861328125,59.890262603759766
673,862.9208374023438,213.4795379638672,880.5982666015625,217.18653869628906
674,94.83419799804688,24.796123504638672,82.80327606201172,21.113035202026367
675,832.1079711914062,238.35890197753906,850.8209228515625,243.97642517089844
676,580.4143676757812,16.63723373413086,580.2481079101562,10.728597640991211
677,1039.6082763671875,129.23477172851562,1063.424072265625,127.7310562133789
678,543.6439819335938,93.3995590209961,543.5586547851562,92.495361328125
679,451.35772705078125,86.35343170166016,447.0992431640625,84.00581359863281
680,764.78466796875,120.36212158203125,770.0267333984375,119.8498764038086
681,833.4514770507812,108.92294311523438,841.179931640625,107.51355743408203
682,1066.4598388671875,109.83609008789062,1091.38427734375,107.56769561767578
683,696.6260375976562,162.04843139648438,699.25,162.394775390625
684,826.1260986328125,145.8993377685547,833.6161499023438,145.826904296875
685,608.4052734375,104.1608657836914,609.313720703125,103.68049621582031
686,894.2960815429688,114.58319854736328,902.8619995117188,113.570556640625
687,577.8353881835938,69.43370819091797,577.7091674804688,65.39701080322266
688,685.3804321289062,144.041259765625,688.9891967773438,143.67465209960938
689,498.3832092285156,152.79539489746094,497.6860656738281,152.88739013671875
690,501.0390930175781,269.6805419921875,489.77618408203125,280.9533996582031
691,940.1145629882812,121.3390121459961,943.8243408203125,121.51177215576172
692,785.1076049804688,118.51103210449219,790.1971435546875,117.93789672851562
693,791.7506103515625,88.48180389404297,797.671630859375,86.29121398925781
694,950.4356689453125,161.1653594970703,956.8155517578125,161.8330078125
695,480.6972961425781,294.4497375488281,463.12548828125,312.5515441894531
696,1067.9915771484375,56.94637680053711,1091.9737548828125,51.9819450378418
697,609.003662109375,150.9610595703125,609.8309326171875,151.03526306152344
698,1027.598388671875,130.72694396972656,1049.9468994140625,129.62686157226562
699,485.7864990234375,184.68666076660156,484.49267578125,185.17938232421875
700,788.528076171875,120.90965270996094,794.1921997070312,119.88842010498047
701,426.58172607421875,131.34469604492188,425.45758056640625,131.03292846679688
702,247.69773864746094,17.662302017211914,228.90203857421875,9.203335762023926
703,274.39678955078125,80.0538101196289,268.0071716308594,78.52045440673828
704,565.1400756835938,62.653987884521484,565.2496948242188,59.06271743774414
705,837.1492309570312,136.8555145263672,844.9725952148438,136.3065185546875
706,876.1997680664062,106.00298309326172,883.770751953125,105.28986358642578
707,834.7513427734375,103.37877655029297,842.4758911132812,102.0400161743164
708,762.3324584960938,97.9051284790039,766.454833984375,96.38806915283203
709,1036.5350341796875,110.6932373046875,1059.30712890625,108.67601013183594
710,843.037841796875,117.35100555419922,851.0900268554688,116.39695739746094
711,600.302490234375,134.5950469970703,600.796142578125,134.8616943359375
712,567.6204223632812,32.66746520996094,566.6107177734375,26.46106719970703
713,652.6412353515625,140.38284301757812,653.8237915039062,140.29669189453125
714,695.3718872070312,84.4270248413086,698.2112426757812,81.9024887084961
715,303.5045166015625,184.23214721679688,295.9886474609375,184.8363494873047
716,829.604736328125,108.92228698730469,837.4916381835938,107.29381561279297
717,838.25390625,102.63784790039062,846.3696899414062,101.11925506591797
718,504.87493896484375,168.1639862060547,505.08697509765625,168.5078582763672
719,791.7506103515625,88.48180389404297,797.671630859375,86.29121398925781
720,597.4234008789062,71.29341125488281,597.6451416015625,67.85725402832031
721,1002.9566040039062,67.90461730957031,1023.7564086914062,63.86769104003906
722,685.3804321289062,144.041259765625,688.9891967773438,143.67465209960938
723,851.3432006835938,129.32568359375,860.2057495117188,128.8559112548828
724,504.8880920410156,174.29029846191406,505.1234436035156,174.56939697265625
725,466.3073425292969,108.94435119628906,461.6890563964844,106.86571502685547
726,152.2865753173828,19.684526443481445,141.85018920898438,15.875515937805176
727,899.8258056640625,160.36656188964844,908.5311889648438,160.6860809326172
728,799.86669921875,212.3556365966797,810.28173828125,214.74241638183594
729,827.1510009765625,103.24826049804688,834.3529052734375,101.72813415527344
730,837.3709106445312,84.07144165039062,845.1718139648438,82.03863525390625
731,900.6705932617188,106.83682250976562,909.5036010742188,105.56725311279297
732,831.050537109375,94.6359634399414,838.8538818359375,93.20230865478516
733,978.9002075195312,119.55961608886719,997.7921142578125,118.0879135131836
734,801.048828125,202.9724578857422,812.0399169921875,205.03848266601562
735,468.2187194824219,106.08043670654297,464.01165771484375,104.00883483886719
736,1012.6023559570312,40.53920364379883,1034.914794921875,34.66188049316406
737,339.2955627441406,81.93243408203125,335.1099853515625,80.38159942626953
738,487.3275451660156,79.9753189086914,484.36810302734375,77.56184387207031
739,755.828857421875,132.19210815429688,760.4945678710938,131.45083618164062
740,631.5288696289062,120.7230224609375,632.5975952148438,120.90345764160156
741,301.1264953613281,77.13079833984375,295.6939697265625,75.57425689697266
742,759.053955078125,129.2363739013672,763.8277587890625,128.49925231933594
743,754.9114990234375,123.65190887451172,759.8414306640625,123.2828369140625
744,845.2618408203125,96.90412139892578,853.6431274414062,95.1683349609375
745,735.8163452148438,330.580322265625,761.5233764648438,361.37109375
746,322.0285949707031,146.56350708007812,318.4430847167969,146.4352264404297
747,484.0387878417969,173.58590698242188,483.7948303222656,173.8386688232422
748,553.305419921875,67.17293548583984,551.9149169921875,64.34053039550781
749,372.1577453613281,44.708213806152344,358.3435363769531,37.39727783203125
750,583.6847534179688,103.71334075927734,583.991455078125,103.64146423339844
751,282.432373046875,54.115936279296875,277.2220458984375,52.190582275390625
752,966.2959594726562,78.78793334960938,984.2505493164062,74.78036499023438
753,409.9703063964844,77.5083236694336,401.54302978515625,69.43042755126953
754,843.0956420898438,88.83077239990234,851.4629516601562,86.45823669433594
755,574.9502563476562,104.8078384399414,574.8504028320312,104.5792007446289
756,344.83831787109375,103.90019989013672,340.5660400390625,102.77643585205078
757,859.5736083984375,209.1160430908203,876.1123046875,212.66650390625
758,471.0400390625,99.08052062988281,466.4419860839844,96.57441711425781
759,1132.9957275390625,79.33447265625,1143.3411865234375,84.02020263671875
760,1045.03515625,116.9574966430664,1069.0455322265625,114.97164916992188
761,600.8729248046875,154.09469604492188,601.9202270507812,154.3170166015625
762,1048.0113525390625,124.94578552246094,1071.7398681640625,123.5156021118164
763,343.90521240234375,106.56346130371094,339.2567443847656,105.6248779296875
764,579.879150390625,125.26243591308594,580.0363159179688,125.0921859741211
765,107.73468780517578,28.22998809814453,95.43608856201172,24.534381866455078
766,785.150634765625,137.2385711669922,790.2293090820312,137.575439453125
767,1042.0750732421875,98.8054428100586,1065.876953125,96.47099304199219
768,695.0380859375,149.71270751953125,697.7402954101562,149.48605346679688
769,368.43023681640625,71.46048736572266,357.9576110839844,66.32943725585938
770,542.314453125,43.505409240722656,540.962158203125,39.23930358886719
771,233.24061584472656,72.39946746826172,226.70689392089844,70.839111328125
772,912.720458984375,107.8927230834961,922.0250244140625,106.50975799560547
773,122.7195816040039,7.006836414337158,1063.8609619140625,34.75596618652344
774,823.6920166015625,108.83877563476562,830.3729858398438,107.96991729736328
775,660.1393432617188,160.596923828125,661.5073852539062,161.00390625
776,1046.8956298828125,80.44002532958984,1070.6488037109375,76.81621551513672
777,933.6285400390625,121.9073715209961,937.1582641601562,122.31840515136719
778,849.1849365234375,118.07881927490234,857.8064575195312,116.74732208251953
779,772.4191284179688,125.97420501708984,777.2122192382812,125.14099884033203
780,976.8919067382812,89.84207916259766,996.1004638671875,86.42738342285156
781,806.6369018554688,138.04710388183594,813.1195678710938,137.9132537841797
