frame,x,y,z,roll,pitch,yaw
0,0.0,0.0,0.0,0.0,-0.0,0.0
1,-0.03328268265205862,-0.0006575022263005322,1.288066240410864,-0.0011938370490526022,-0.0010829003016635497,-0.0011090244119265741
2,-0.08025933516336849,-0.00783792095601743,2.582023023461244,-0.00015769867392269907,-0.00240723010724392,-0.0019922347146115803
3,-0.10612759182340406,-0.008850973477135038,3.878010862804415,0.003137462020484892,-0.0036414694864371163,-0.002765712110872399
4,-0.12241484690665193,-0.003106829729287863,5.19122864623651,0.004041129314878277,-0.0048073923525412425,-0.0045354547158325785
5,-0.149083164640759,0.0009741170922530447,6.460303020583225,0.004864545226329033,-0.005379756708118045,-0.005597581939786749
6,-0.1678356315286625,-0.00034394827285090914,7.699466317121535,0.005204636502738012,-0.005716960396663685,-0.0043983965095517235
7,-0.21011204621465487,-0.0036007633227068724,8.967849741566106,0.006822389558388052,-0.005602099813047611,-0.0037198931181751356
8,-0.24261747670478673,-0.006830826098615994,10.235063933920156,0.005614389516179027,-0.005745147532009381,-0.002894580256041995
9,-0.2578514873805755,-0.007727138155074533,11.472909302012722,0.0036183003295049555,-0.006195293242476751,-0.0026484177568553203
10,-0.2701710655868862,0.004953033457821266,12.751787804690219,0.0018032472788513003,-0.006507449265491375,-0.0034153037916904495
11,-0.3113411446996843,0.003940374487145865,14.014892911312888,0.001383776534352238,-0.0070133462332406075,-0.0038902434133166837
12,-0.3474225729673375,0.0014966783071251387,15.268090416203256,0.001968518510278538,-0.009413379151199946,-0.0028366685505506464
13,-0.3726019465596024,0.003022305152164528,16.504372976956333,0.0028958403019732353,-0.01280235721905217,-0.0013777870539237532
14,-0.4074249512162489,0.006242561071320363,17.78139655383771,0.004201257234306235,-0.015628318555982568,0.0017526096005624238
15,-0.44239864358371583,0.0038391621625450084,19.00315172689294,0.006374263829058752,-0.018399164856231397,0.0023986834736961877
16,-0.4752515250122318,0.0044895411451641954,20.264862679397183,0.006024081738594793,-0.02042417958595165,0.003821927569243249
17,-0.5216092646716936,-0.0027002283717802913,21.504376573100423,0.004252636932078439,-0.021916281954329722,0.004078163144063309
18,-0.5626718479997899,-0.00017855971907119626,22.733973584997514,0.0034848566240228687,-0.02303208424157133,0.0048727261661982504
19,-0.6036189040899343,0.004704224872653626,23.96254345106937,0.0038338795598015325,-0.02421341931864436,0.0047167067128318155
20,-0.6424896744998982,0.006001831468053832,25.166760160344822,0.004395322870806162,-0.025299872587930282,0.0049679311985341605
21,-0.6709183474639867,0.012631647426911696,26.377799269772833,0.005587531351656823,-0.026951478591223852,0.004303786084299414
22,-0.7119207988632821,0.018787185281230332,27.60053041076222,0.0072679894113579745,-0.027832135301831144,0.0052518018864966855
23,-0.7521825414726044,0.008426692610167819,28.820584509452612,0.0076372703135217206,-0.02893557054432049,0.0046108620646120035
24,-0.7838638836527054,0.011912102149401076,30.041316669161684,0.005737583477047637,-0.029492462749675135,0.0023163945721164565
25,-0.8160184374864375,0.02031652032342822,31.267815358633577,0.0045493947031020965,-0.029530579004764045,0.0006105829779892522
26,-0.8570000976282833,0.018541509838909162,32.45278597623219,0.0049786151431235525,-0.029580404390236847,-0.0010775758260954812
27,-0.8904893097321833,0.014297025158667659,33.65928321332268,0.006410927544790079,-0.02953497020442441,-0.0007380069032217611
28,-0.9285838910077653,0.008264072001715035,34.831096400401854,0.008160917280827884,-0.029199810319574592,-0.00014992700784378032
29,-0.9516441871525926,-0.002746767211972142,36.03581709444634,0.008730492101977625,-0.02871071241380213,0.0008100440535784947
30,-0.9737887185473555,-0.013305480627457554,37.22438034765456,0.007702505348386532,-0.027661894518892033,0.0018386287705052255
31,-0.99980358597787,-0.023315837198252434,38.389254757972346,0.006265535844480145,-0.025769059611977178,0.002635436622771338
32,-1.032953848221053,-0.030299669860205533,39.53325816787649,0.00569319178290347,-0.02299975158828798,0.002745027018048881
33,-1.0592296573211084,-0.03759187356644635,40.68013333914262,0.005531411151905179,-0.020079965279684604,0.0026372846301503453
34,-1.0547006657983933,-0.04934833951068632,41.85830855138759,0.005208312942634197,-0.01720071892869162,0.003838948672382666
35,-1.0720210944991626,-0.05741856395966371,42.994335394102265,0.004541108231454625,-0.013961406703176173,0.0046128607367228545
36,-1.0751884411029196,-0.06544523282813225,44.13062928927408,0.004038462097936552,-0.01084866026115147,0.006344332134409605
37,-1.0736249059167675,-0.07207000945485499,45.2627402550681,0.003953209024153153,-0.007644690522885248,0.007793256328616378
38,-1.078311775028828,-0.07562307478106077,46.38611093127667,0.0037681985497247023,-0.0038730159312862444,0.007726727047130899
39,-1.0802551043787048,-0.07418785664455986,47.530201931807426,0.0035798336530029496,4.505352224717835e-05,0.008287084085136544
40,-1.096437513264408,-0.07546442695697439,48.67659421008052,0.00406259604491634,0.004191792525569685,0.005919956415183218
41,-1.0907045399707636,-0.07827581493200071,49.82757387967458,0.0050745231086029375,0.008236710695198025,0.005753036025453275
42,-1.0856852279661418,-0.07998752624840215,50.956006447038725,0.00612331291076846,0.011750925294226403,0.005283406663396216
43,-1.0772822958347699,-0.08390110248518362,52.09670308917777,0.0063132899852917776,0.015255672851531447,0.006206301553339551
44,-1.058020462559042,-0.08636644182192854,53.21934093047362,0.006370012589654852,0.018013232394286816,0.007713610129419031
45,-1.0424839843326603,-0.0902504734855871,54.36933899112429,0.006298283550535768,0.019999232824151027,0.008404022319662056
46,-1.0216181021514803,-0.0946848111538047,55.51428398680129,0.006624251367897962,0.021159074279643614,0.009183067833969228
47,-1.0076573128326847,-0.09924412506685924,56.6577600489056,0.00787830663553444,0.022433743769764872,0.009010960457689897
48,-0.9883226101181227,-0.1035187561410385,57.79420992207426,0.00941393963563232,0.022980561314298854,0.004667285498197148
49,-0.9606606646137021,-0.11088455935477577,58.921434459940485,0.007210605181403041,0.022722367742052045,0.004409780531249087
50,-0.9410096648443154,-0.1129724991759489,60.06774075993403,0.0040275168072335474,0.021888262653428997,0.0031688560241041118
51,-0.9127268948930636,-0.11427668795490438,61.216383950789904,0.0011549274284964218,0.020837366942870222,0.005641554329145597
52,-0.8773814944199724,-0.1123384974976958,62.355917409457405,6.018286276000469e-05,0.018840162675619544,0.00899506315583922
53,-0.837652091770418,-0.10891393894984136,63.49977407503169,0.00015708013824767072,0.01685469279411312,0.01069965281485757
54,-0.8111592199960961,-0.1099463561545703,64.64025378869688,0.0020331108465715887,0.015524371977603788,0.012139378879852942
55,-0.7901166774788025,-0.1067769417410302,65.79586153147031,0.004629823335153619,0.014112273103014201,0.010724528807700282
56,-0.7806368207701264,-0.10325914964293745,66.9749958122341,0.0064970088749133825,0.012161694169487739,0.008530107636262298
57,-0.765985889111225,-0.10877556230801741,68.1055891806671,0.006652615903458379,0.009550073520624338,0.009332524446951233
58,-0.75575786067603,-0.10944401923198444,69.2675795740793,0.005747493241105067,0.006098993788640478,0.00875776560444092
59,-0.7537411798275085,-0.11027874783710126,70.4215587932121,0.004832320073021048,0.001835356911037301,0.008985915717129665
60,-0.762636758459631,-0.11304124312568473,71.55675960662131,0.00527272216099726,-0.002672930939659776,0.006397569637770288
61,-0.765879692159654,-0.11427399019013437,72.69524286042238,0.006152694305012709,-0.0072309619346584255,0.004883449521668225
62,-0.7861557228984538,-0.11284453409518315,73.87067936583573,0.005851582860307763,-0.010002553923295845,0.0019435484211075375
63,-0.8048876237217222,-0.11243300990003072,75.0146696179424,0.0058485769415860195,-0.011767772258869621,0.0012302729248884808
64,-0.8172284013059473,-0.10560630247975486,76.17746285975362,0.006006684970391129,-0.013607686796553107,0.00018743921475023985
65,-0.8321494200408156,-0.110089345174417,77.32245713965978,0.0076671404103880025,-0.015344642617902068,0.003935906627038843
66,-0.8570490191006394,-0.11354922673220044,78.49159753700803,0.01206671415812605,-0.01735556236649183,0.004844250208563845
67,-0.8761283320485915,-0.1116296765064401,79.65625142668,0.014248606066264307,-0.019364212607445093,0.006857302876112685
68,-0.9058131710710968,-0.11970879961684122,80.81690333329982,0.009985593477243128,-0.021209117599737905,0.006772726411167123
69,-0.9383595219870846,-0.12269738578251962,81.98312887773079,0.0035245506731311706,-0.022797558277098656,0.006498992683090014
70,-0.9755607200650191,-0.1217915966713974,83.14635146855652,0.00012823090446710187,-0.024597860154273222,0.005205577573453991
71,-1.0136485911459792,-0.1159264163149789,84.3320203525038,0.0004283890077097464,-0.026883192366071375,0.004687151662809209
72,-1.0484492046969265,-0.11395465907552069,85.50382621876604,0.003161326555390474,-0.02991051136927669,0.003932408079821699
73,-1.0935274017835719,-0.1096443430370991,86.6822691470917,0.0058137514345648076,-0.03298299212908898,0.001641097504509103
74,-1.1434167965348867,-0.11048270177260815,87.86084425560657,0.006572413988502032,-0.036083330697009995,0.0014122481890007895
75,-1.1976105581639784,-0.11517181125040396,89.04076690346211,0.005599777027969251,-0.03979791137057278,-0.0004215250514382248
76,-1.257077580897453,-0.11780533599238835,90.22300501334243,0.005150143699110014,-0.04357739513551531,-0.0015598797921454997
77,-1.3172840637314978,-0.12076608128160352,91.40803182793417,0.005389396618535007,-0.04805620217297352,-0.0028925400464620966
78,-1.3926952042595164,-0.12257900162987914,92.61857797167178,0.006270243403090822,-0.05207029957527996,-0.0038468934523560212
79,-1.471362118012983,-0.12550746415700859,93.81565852057275,0.005629881371872245,-0.05628181878355895,-0.00597883828726329
80,-1.5541194688967128,-0.12899086270498328,95.01718039591123,0.004445542089275862,-0.06023327462549266,-0.006228868803758937
81,-1.644127651389741,-0.1303766513670477,96.22060881274342,0.003590683837353782,-0.06464900934573446,-0.007573417319185103
82,-1.7362912620426643,-0.1339175351629739,97.41299444620418,0.004403656863954165,-0.06943866030581995,-0.008202166949553462
83,-1.8310348823171079,-0.13675909677823905,98.60488028098105,0.005621312949209475,-0.07415041398371111,-0.008962630559560598
84,-1.933167056961101,-0.14024019265348414,99.79306141461772,0.005250616620465242,-0.07794083512995363,-0.010020881661053194
85,-2.0372038690268695,-0.14268251698286427,100.98111079178973,0.0036210423658056493,-0.0815166884792596,-0.011963240402443209
86,-2.145510432816616,-0.14224929347311477,102.18392552678569,0.002128142213856482,-0.0844635141741031,-0.011793051208067071
87,-2.2553882116274924,-0.14252504408417438,103.37357389669359,0.0008181371017663696,-0.08729430785935083,-0.012473051229667919
88,-2.370109398505284,-0.1414434443113749,104.56142642978702,0.00043941396710435075,-0.08937029077149965,-0.012715766911922534
89,-2.4929567023897024,-0.13512933626289922,105.7641188505473,0.000812622345188032,-0.09144249602988672,-0.013667812131202018
90,-2.6135002789099886,-0.12958443031551342,106.95522008298191,0.0007766257332925762,-0.0937064055528374,-0.0131437250579558
91,-2.7368476051119393,-0.12978878258037269,108.16604304749217,0.000967064002752248,-0.09593982092546839,-0.012957770379293292
92,-2.867185344579466,-0.1254978998315824,109.37455201127689,0.0025582558180068005,-0.09805116356263309,-0.013830144301578211
93,-2.997999858409817,-0.12168414498784227,110.58945917367191,0.0034732714977099696,-0.09977123756283605,-0.013607833408564422
94,-3.135902874713691,-0.12098033982056208,111.79710049753484,0.0038032242052811424,-0.10104980646440218,-0.016418252080751858
95,-3.269880328426443,-0.12030808228358979,112.98792677631448,0.002515200795161827,-0.10211617128723466,-0.016364913223730314
96,-3.4133837170863677,-0.11670637599705319,114.19418452554949,0.0010867171839435187,-0.10321906860387636,-0.018848410604423316
97,-3.5468160579946404,-0.11365323163305413,115.40008909016395,-0.001919986823929187,-0.1036540501403167,-0.0175479007207704
98,-3.6849118369245866,-0.10762220162793784,116.59356234211964,-0.0007642646595631755,-0.10438389736235017,-0.01906877715878092
99,-3.823190748695044,-0.09862753547187572,117.79443042557796,0.0044113627322162,-0.10496264515962009,-0.020845991250834528
100,-3.9674909451723814,-0.09365519588279646,118.98791566444795,0.007951434270201502,-0.10532676140855636,-0.022125718943210488
101,-4.10033724358396,-0.09269523709212786,120.18924367275412,0.008567171442173789,-0.10592322142074147,-0.0218701876000304
102,-4.238979785577885,-0.09643611202017953,121.38141670307168,0.008793117989481685,-0.10605100609943546,-0.01939917578424746
103,-4.377621356834592,-0.10065075711786695,122.5716039374032,0.009309554081191381,-0.10619704987507599,-0.015095018477177792
104,-4.506757346336468,-0.10262935422898388,123.77930135082602,0.009052786845242657,-0.10710290964273982,-0.012202621933922794
105,-4.641068153745587,-0.1047502869041274,125.00073560099877,0.006761218848468789,-0.10760091939645869,-0.009125980712202386
106,-4.785785513260754,-0.1087023205620364,126.2220424109622,0.005181727999918546,-0.10766430823031804,-0.00919744943434184
107,-4.926156838319607,-0.1082145273120306,127.45154251834016,0.005254501308270083,-0.10755814628283247,-0.009540097428345662
108,-5.072278683169696,-0.10672484321732746,128.68845133399256,0.00561573073942914,-0.10762341530448612,-0.010876988308142122
109,-5.220688692788837,-0.10579911331056689,129.9144076770475,0.005251289262792624,-0.10730724061410735,-0.010648661966334544
110,-5.374525843350463,-0.10617225079832407,131.17933735176035,0.004990586655681513,-0.10733908692070707,-0.0105997767362573
111,-5.521261791141143,-0.10662063458814852,132.42776428423693,0.004972141952117936,-0.107358787545036,-0.00924905379412722
112,-5.6663865563450635,-0.10590621638191215,133.69383509583602,0.006428646313703751,-0.10779142516666178,-0.007952614046026069
113,-5.827916272984895,-0.10815028252497148,134.95633959877833,0.008459859290306479,-0.10767568727183913,-0.008093377625592299
114,-6.017063129278473,-0.10107308715438644,136.2986866825121,0.009995822402795557,-0.10776917535770103,-0.007662565776221649
115,-6.203119488891605,-0.09829786848532124,137.63458026807322,0.01000470135198447,-0.10777478128635228,-0.008918930836134356
116,-6.365824735974101,-0.09952354968516124,138.9622688375318,0.007179828818705877,-0.10792187626103612,-0.008913151089105037
117,-6.527280880858229,-0.09727633249636738,140.29624883716147,0.0036116268493327276,-0.10801287347635175,-0.008346268036650874
118,-6.674722207162979,-0.09496005810154473,141.61915533941803,0.003228236858633594,-0.1089546730534902,-0.006877640293571209
119,-6.824864390674546,-0.09002848790972255,142.95769497584413,0.005409468054685859,-0.11001620028178984,-0.0043388215483178075
120,-6.980053901156061,-0.08711134241080429,144.30183232739031,0.007630144602461044,-0.11106168117598919,-0.003227246764520905
121,-7.1377030769789265,-0.08683342479432747,145.66300169574674,0.008346848340143055,-0.11170427785308609,-0.0015253353779603204
122,-7.300958358467064,-0.08708148732415223,147.02700911451075,0.00748239865859807,-0.11241425303809997,-0.0031931450378470234
123,-7.473956014758657,-0.08060847300062919,148.43373085855708,0.006106809934843091,-0.11269183464496361,-0.0036995465608817752
124,-7.64668503931074,-0.07531434776118683,149.83111601497663,0.006120114183667337,-0.11305153312507141,-0.005822954388714732
125,-7.815701795494054,-0.07610054015394481,151.22175917028548,0.007587453214422319,-0.11343165899414119,-0.005788681030179472
126,-7.98714644260728,-0.07694130962359419,152.6212075376731,0.007774401942970752,-0.11391052577845555,-0.004873037150085096
127,-8.169587969886027,-0.07497457514071365,154.04752680647917,0.005295949297100574,-0.11417998682478483,-0.003331392585270578
128,-8.345180484943226,-0.07635987412435784,155.45089954435608,0.0031998363555191473,-0.11449708876788973,-0.0027831742541155466
129,-8.531522102806102,-0.0780019259848168,156.87069016344634,0.002037809620824695,-0.11467182141914126,-0.003317033659500506
130,-8.71466780340562,-0.0794132039737055,158.28685757950612,0.00158561071116843,-0.1150176117531973,-0.00393132797915135
131,-8.892196281013078,-0.079437992128937,159.69925047835537,0.0016306449795277322,-0.1160054466252731,-0.004218243999168648
132,-9.072145297017695,-0.08001412844088922,161.1023585282554,0.0011029204016523124,-0.1166764011094543,-0.0032024556131736133
133,-9.266912525504297,-0.07684233494227873,162.52809159312312,0.0007466606659219711,-0.11738470307896813,-0.002040398231753805
134,-9.444033669953106,-0.06456236751240962,163.95637604112923,-0.0006452259936694934,-0.11840398592140872,-0.00035857037839191893
135,-9.640744985097818,-0.055345771901786495,165.38131864863837,-0.002288983006648441,-0.11908615514333273,0.001089804874055353
136,-9.838161291206461,-0.0427938428631505,166.83486830588703,-0.005159554118102806,-0.11985143023588891,0.0018844955314326621
137,-10.076477726980752,-0.02647858628760056,168.31403457696678,-0.009023788410950268,-0.11991131571650529,0.0014724495582998584
138,-10.261350640165583,-0.014113961482651021,169.73020367286875,-0.009291593259989314,-0.12021324165255576,0.0006877294456315522
139,-10.468550434395446,0.0010234008646024563,171.1721428042582,-0.002151994290393486,-0.11956891911893941,-0.0018638179453058885
140,-10.674349202612134,0.009739433282602272,172.58081607625087,0.006118611855576095,-0.11850670851510278,-0.005020155452880368
141,-10.890768085034328,0.018545999185852757,174.0345947129717,0.007730308509102855,-0.11776869567513028,-0.00465776587778914
142,-11.0612263915775,0.010449469260034013,175.42427192299652,0.0033601669265938315,-0.1175894148379904,-0.00126512413138765
143,-11.23660588224482,0.0071267349557486825,176.8189156071684,0.0022805559935624178,-0.11741640696758465,0.001281169326900789
